{
  "hash": "e4599162",
  "configHash": "11af746b",
  "lockfileHash": "f8f910ec",
  "browserHash": "020ff9b1",
  "optimized": {
    "@angular/cdk/bidi": {
      "src": "../../../../../../node_modules/@angular/cdk/fesm2022/bidi.mjs",
      "file": "@angular_cdk_bidi.js",
      "fileHash": "3de257f2",
      "needsInterop": false
    },
    "@angular/cdk/scrolling": {
      "src": "../../../../../../node_modules/@angular/cdk/fesm2022/scrolling.mjs",
      "file": "@angular_cdk_scrolling.js",
      "fileHash": "4b6be9d0",
      "needsInterop": false
    },
    "@angular/common": {
      "src": "../../../../../../node_modules/@angular/common/fesm2022/common.mjs",
      "file": "@angular_common.js",
      "fileHash": "f5d84c32",
      "needsInterop": false
    },
    "@angular/core": {
      "src": "../../../../../../node_modules/@angular/core/fesm2022/core.mjs",
      "file": "@angular_core.js",
      "fileHash": "a4586dd4",
      "needsInterop": false
    },
    "@angular/material/button": {
      "src": "../../../../../../node_modules/@angular/material/fesm2022/button.mjs",
      "file": "@angular_material_button.js",
      "fileHash": "83220b4a",
      "needsInterop": false
    },
    "@angular/material/card": {
      "src": "../../../../../../node_modules/@angular/material/fesm2022/card.mjs",
      "file": "@angular_material_card.js",
      "fileHash": "419e0ca2",
      "needsInterop": false
    },
    "@angular/material/divider": {
      "src": "../../../../../../node_modules/@angular/material/fesm2022/divider.mjs",
      "file": "@angular_material_divider.js",
      "fileHash": "8991f6a2",
      "needsInterop": false
    },
    "@angular/material/icon": {
      "src": "../../../../../../node_modules/@angular/material/fesm2022/icon.mjs",
      "file": "@angular_material_icon.js",
      "fileHash": "85841228",
      "needsInterop": false
    },
    "@angular/material/list": {
      "src": "../../../../../../node_modules/@angular/material/fesm2022/list.mjs",
      "file": "@angular_material_list.js",
      "fileHash": "666a6f52",
      "needsInterop": false
    },
    "@angular/material/sidenav": {
      "src": "../../../../../../node_modules/@angular/material/fesm2022/sidenav.mjs",
      "file": "@angular_material_sidenav.js",
      "fileHash": "1eaea294",
      "needsInterop": false
    },
    "@angular/material/toolbar": {
      "src": "../../../../../../node_modules/@angular/material/fesm2022/toolbar.mjs",
      "file": "@angular_material_toolbar.js",
      "fileHash": "5f7d279a",
      "needsInterop": false
    },
    "@angular/platform-browser": {
      "src": "../../../../../../node_modules/@angular/platform-browser/fesm2022/platform-browser.mjs",
      "file": "@angular_platform-browser.js",
      "fileHash": "3e0741df",
      "needsInterop": false
    },
    "@angular/router": {
      "src": "../../../../../../node_modules/@angular/router/fesm2022/router.mjs",
      "file": "@angular_router.js",
      "fileHash": "940f1e19",
      "needsInterop": false
    }
  },
  "chunks": {
    "chunk-UQUR35XD": {
      "file": "chunk-UQUR35XD.js"
    },
    "chunk-GGJYJDFP": {
      "file": "chunk-GGJYJDFP.js"
    },
    "chunk-AF4NK4PI": {
      "file": "chunk-AF4NK4PI.js"
    },
    "chunk-WGIOEUY3": {
      "file": "chunk-WGIOEUY3.js"
    },
    "chunk-DNQIYZQH": {
      "file": "chunk-DNQIYZQH.js"
    },
    "chunk-ISONF2Q2": {
      "file": "chunk-ISONF2Q2.js"
    },
    "chunk-GTLAZMWD": {
      "file": "chunk-GTLAZMWD.js"
    },
    "chunk-ERQUMRY4": {
      "file": "chunk-ERQUMRY4.js"
    },
    "chunk-V6IJKV5F": {
      "file": "chunk-V6IJKV5F.js"
    }
  }
}